qid,question,q_type,level,gold_doc_ids,gold_text,src_chunk
S0001,년 eSSD 수요 전망치는 얼마인가?,synthetic,mid,M001,"일시: 2026-09-17 10:00
참석자: 박기록, 최분석, 정수요
안건 1. 가격 동향
3분기 DRAM 가격 상승세 유지 확인.
안건 2. HBM 수요 점검
결정: 4Q 전망 유지
액션: 고객별 발주 재확인 (",M001_000
S0002,년 eSSD 수요 전망치는 얼마인가?,synthetic,mid,I001,"목차
1. 요약 ........ 1
2. 수요 ........ 3
3. 공급 ........ 5
1. 요약
2026년 HBM 시장 규모는 520억 달러로 전년 대비 60% 성장할 전망이다. 본 자료는 2Q26 기준 ",I001_000
S0003,년 eSSD 수요 전망치는 얼마인가?,synthetic,mid,N001,"마이크론이 일본 히로시마 공장에 HBM 전용 라인을 증설한다고 15일 밝혔다. 투자 규모는 약 5조원이며 2027년 하반기 양산이 목표다. 업계는 HBM4 경쟁이 본격화될 것으로 보고 있다.
관련기사
- 삼성전자 H",N001_000
S0004,년 eSSD 수요 전망치는 얼마인가?,synthetic,mid,B001,"○○증권 리서치센터 | Industry Report
1. 투자 포인트
3분기 DRAM 계약가격은 전분기 대비 8% 상승할 것으로 전망한다. 서버 수요가 견조하다.
표 2. 가격 전망
분기 DRAM QoQ NAND Q",B001_000
S0005,년 eSSD 수요 전망치는 얼마인가?,synthetic,mid,N002,"마이크론이 일본 히로시마 공장에 HBM 전용 라인을 증설한다고 15일 밝혔다. 투자 규모는 약 5조원이며 2027년 하반기 양산이 목표다. 업계는 HBM4 경쟁이 본격화될 것으로 보고 있다.
저작권자 ⓒ 전자신문 무",N002_000
S0006,년 eSSD 수요 전망치는 얼마인가?,synthetic,mid,R001,"[슬라이드 1] 3Q 메모리 수요 점검
[슬라이드 7] eSSD 수요 전망
2026년 eSSD 수요는 120EB로 전년 대비 35% 증가할 전망이다. AI 서버 스토리지 확대가 주 요인이다.
[슬라이드 8] 하이퍼스",R001_000
S0007,년 eSSD 수요 전망치는 얼마인가?,synthetic,mid,E001,"inal Message-----
보낸 사람: 김고객
보낸 날짜: 2026-09-08
제목: 4Q 발주 조정 건
고객사 A에서 4Q 발주를 10% 하향하겠다고 통보했습니다.

본 메일은 기밀 정보를 포함하고 있으며 수",E001_001
S0008,년 eSSD 수요 전망치는 얼마인가?,synthetic,mid,B001,"oQ
3Q26 8% 5%
4Q26 6% 3%
1Q27 2% 1%
○○증권 리서치센터 | Industry Report
2. HBM
HBM 점유율은 SK하이닉스 55%, 삼성전자 35%, 마이크론 10%로 추정한다.
C",B001_001
